{"cameraMode":{"drawMode":0,"name":"Shaded","section":"Shading Mode"},"sceneLighting":false,"audioPlay":false,"sceneViewState":{"m_AlwaysRefresh":false,"showFog":true,"showSkybox":false,"showFlares":true,"showImageEffects":true,"showParticleSystems":true,"showVisualEffectGraphs":true,"m_FxEnabled":true},"in2DMode":false,"pivot":{"x":1.1609582901000977,"y":2.6351161003112795,"z":4.362497329711914},"rotation":{"x":-0.026166778057813646,"y":0.9592535495758057,"z":-0.2642516791820526,"w":-0.09499042481184006},"size":0.8660253882408142,"orthographic":false}